{"cameraMode":{"drawMode":0,"name":"Shaded","section":"Shading Mode"},"sceneLighting":true,"audioPlay":false,"sceneViewState":{"showFog":true,"showMaterialUpdate":false,"showSkybox":true,"showFlares":true,"showImageEffects":true,"showParticleSystems":true},"in2DMode":false,"pivot":{"x":1.4663572311401368,"y":-3.127791404724121,"z":3.6047377586364748},"rotation":{"x":-0.007332538720220327,"y":0.8665783405303955,"z":-0.4988306760787964,"w":-0.012738793157041073},"size":15.612886428833008,"orthographic":false}